"","user_login"
"1","abbyhyde"
"2","aiva"
"3","alisonnorthup"
"4","arianne35"
"5","beeworldly"
"6","bradenjudson"
"7","bridgetspencer"
"8","bstarzomski"
"9","cassidybest"
"10","celestekieran"
"11","chrisfluit"
"12","cwardrop"
"13","dbltucker"
"14","earley_bird"
"15","ejpendray"
"16","ellyne"
"17","eloraa"
"18","enspring"
"19","eullstrom"
"20","fmcghee"
"21","genevievereynolds"
"22","hydaticus"
"23","jasonheadley"
"24","jbindernagel"
"25","johndreynolds"
"26","juliakcarr"
"27","justinchans"
"28","katemckeown"
"29","katiekushneryk"
"30","kg-"
"31","kmfret"
"32","lenachiasson"
"33","mmund"
"34","quillipede"
"35","rambryum"
"36","rebeccareaderlee"
"37","shanebustapbj"
"38","shawnb2"
"39","slownature"
"40","thomasbarbin"
"41","thyg"
